﻿<?xml version="1.0" encoding="UTF-8" standalone="yes"?>
<addon id="adrxbmcadults.repository" name="AdrXbmc Adults repository" version="0.5.0" provider-name="AdrXbmc">
	<extension point="xbmc.addon.repository" name="AdrXbmc Repository">
		<info compressed="false">http://raw.github.com/adrxbmc/adrxbmcadults.repository/master/addons.xml</info>
		<checksum>http://raw.github.com/adrxbmc/adrxbmcadults.repository/master/addons.xml.md5</checksum>
		<datadir zip="true">http://raw.github.com/adrxbmc/adrxbmcadults.repository/master/repo/</datadir>
	</extension>
	<extension point="xbmc.addon.metadata">
		<summary>AdrXbmc Adults Addons</summary>
		<description>Os meus addons só para adultos (+18)</description>
		<disclaimer></disclaimer>
		<platform>all</platform>
	</extension>
</addon>