<?xml version="1.0" encoding="UTF-8" standalone="yes"?>
<addon id="plugin.image.pdfreader" name="PDF Reader" version="0.1.0" provider-name="AdrXbmc">
  <requires>
    <import addon="xbmc.python" version="2.1.0"/>
  </requires>
  <extension point="xbmc.python.pluginsource" library="addon.py">
    <provides>image</provides>
  </extension>
  <extension point="xbmc.addon.metadata">
    <language>en</language>
    <platform>all</platform>
    <summary lang="en">PDF Reader</summary>
    <description lang="en">Read your pdf's.</description>
    <platform>all</platform>
	<license>GPL 2.0</license>
  </extension>
</addon>
