<?xml version="1.0" encoding="UTF-8"?>
<addon id="plugin.program.chrome.launcher" name="Chrome Launcher" version="2.0.0" provider-name="AdrXbmc">
    <requires>
        <import addon="xbmc.python" version="2.1.0"/>
    </requires>
    <extension point="xbmc.python.pluginsource" library="default.py">
        <provides>executable</provides>
    </extension>
    <extension point="xbmc.addon.metadata">
        <platform>all</platform>
        <summary lang="en">Inicia website via Chrome no modo quiosque</summary>
        <language></language>
        <description lang="en">Inicia website via Chrome no modo quiosque</description>
        <license>GNU GENERAL PUBLIC LICENSE. Version 2, June 1991</license>
        <source>https://github.com/AdrXbmx/plugin.program.chrome.launcher</source>
        <forum>http://adrxbmc.blogspot.pt</forum>
        <email>adrxbmc.kodi at gmail dot com</email>
        <website></website>
    </extension>
</addon>
