<?xml version="1.0" encoding="UTF-8"?>
<addon
  id="skin.slick"
  version="2.0.2"
  name="Slick Skin"
  provider-name="AdrXbmc">
  <requires>
    <import addon="xbmc.gui" version="5.3.0"/>
	<import addon="script.favourites" version="6.0.1"/>
	<import addon="service.skin.widgets" version="0.0.29"/>
	<import addon="service.library.data.provider" version="0.0.4"/>
	<import addon="script.randomandlastitems" version="2.2.0"/>
	<import addon="skin.slickimgs"/>
  </requires>
  <extension
    point="xbmc.gui.skin"
    debugging="false"
    effectslowdown="0.75">
    <res width="1280" height="720" aspect="16:9" default="true" folder="720p" />
  </extension>
  <extension point="xbmc.addon.metadata">
    <summary lang="en">Slick Skin</summary>
    <summary lang="en_US">Slick Slick</summary>
    <description lang="en">Slick Skin c==|======> built for speed and stability.</description>
    <description lang="en_US">Slick Skin c==|======> built for speed and stability.</description>
    <disclaimer lang="en_US">Slick Skin is preconfigured; any user modifications may break the skin.</disclaimer>
<platform>all</platform>
  </extension>
</addon>
