<?xml version="1.0" encoding="UTF-8" standalone="yes"?>
<addon id="plugin.video.adrxbmcfreshstart" name="Fresh Start"
	version="2.0.0" provider-name="AdrXbmc">
  <requires>
    <import addon="xbmc.python" version="2.1.0"/>
  </requires>
  <extension point="xbmc.python.pluginsource" library="default.py">
    <provides>executable</provides>
  </extension>
  <extension point="xbmc.addon.metadata">
    <summary lang="en">Restauracao de fabrica para o Kodi</summary>
    <description lang="en">Restauracao de fábrica para o Kodi ultra facil, basta um simples clique! Esta ferramenta vai trazer o seu Kodi volta ao seu estado original de instalação, apagando todas as personalizações e add-ons que você pode ter habilitado anteriormente, dando-lhe um novo começo!</description>
    <platform>all</platform>
    <website>http://adrxbmc.blogspot.pt</website>
  </extension>
</addon>
