<?xml version="1.0" encoding="UTF-8" standalone="yes"?>
<addon id="plugin.video.adrxbmctv" name="AdrXbmc TV" version="0.0.1" provider-name="AdrXbmc">
  <requires>
    <import addon="xbmc.python" version="2.1.0"/>
	<import addon="script.module.t0mm0.common"/>
	<import addon="script.module.urlresolver" version="2.4.0"/> 
	<import addon="script.module.simplejson"/>
	<import addon="script.module.requests"/>
	<import addon="plugin.image.pdfreader"/> 
  </requires>
  <extension point="xbmc.python.pluginsource" library="resources/lib/main.py">
    <provides>video</provides>
  </extension>
  <extension point="xbmc.addon.metadata">
    <language>en</language>
    <platform>all</platform>
    <summary lang="en">AdrXbmc Abelhas</summary>
    <summary lang="pt">Abelhas do AdrXbmc</summary>
    <description lang="en">Adults only! You may only view the contents of this addon if you are at least 18 years of age, or at least the age of majority in the jurisdiction where you reside or from which you access this content.</description>
    <description lang="pt">Conteúdo exclusivo para clientes AdrXbmc</description>
	<disclaimer lang="en">The owners and submitters to this addon do not host or distribute any of the content displayed nor do they have any affiliation with the content providers.</disclaimer>
	<disclaimer lang="pt">Os proprietarios deste addon nao hospedam ou distribuem o conteudo exibido nem tem qualquer afiliacao com os provedores do conteudo.</disclaimer>
    <platform>all</platform>
  </extension>
</addon>
