<?xml version="1.0" encoding="UTF-8" standalone="yes"?>
<addon id="screensaver.video" name="VideoScreensaver" version="2.0.0" provider-name="AdrXbmc">
	<requires>
		<import addon="xbmc.python" version="2.1.0"/>
		<import addon="script.module.simplejson" version="3.3.0"/>
	</requires>
	<extension point="xbmc.ui.screensaver" library="default.py"/>
  	<extension point="xbmc.python.script" library="screensaver.py" />
	<extension point="xbmc.service" library="service.py" start="login">
		<provides>executable</provides>
	</extension>
	<extension point="xbmc.addon.metadata">
		<summary lang="en">Screensaver that plays a video file</summary>
		<summary lang="pt">Protetor de ecrã que reproduz um ficheiro de vídeo</summary>
		<description lang="en">Plays a video when the screensaver starts, this can be a custom video or one of the built in videos</description>
		<description lang="pt">Reproduz um vídeo quando o protetor de ecrã inicia, este pode ser um vídeo personalizado ou um dos vídeos embutidos</description>
		<language></language>
		<platform>all</platform>
		<license>GNU GENERAL PUBLIC LICENSE. Version 2, June 1991</license>
		<forum>http://forum.kodi.tv/showthread.php?tid=210943</forum>
		<source>http://robwebset.googlecode.com/svn/trunk/screensaver.video/</source>
	</extension>
</addon>
