﻿<?xml version="1.0" encoding="UTF-8" standalone="yes"?>
<addon id="adrxbmc.repository" name="AdrXbmc repository" version="0.0.5" provider-name="AdrXbmc">
	<extension point="xbmc.addon.repository" name="Demonstration Add-on Repository">
		<info compressed="false">http://raw.github.com/adrxbmc/adrxbmc.repository/master/addons.xml</info>
		<checksum>http://raw.github.com/adrxbmc/adrxbmc.repository/master/addons.xml.md5</checksum>
		<datadir zip="true">http://raw.github.com/adrxbmc/adrxbmc.repository/master/repo/</datadir>
	</extension>
	<extension point="xbmc.addon.metadata">
		<summary>AdrXbmc Addon</summary>
		<description>AdrXbmc Description</description>
		<disclaimer></disclaimer>
		<platform>all</platform>
	</extension>
</addon>