<?xml version="1.0" encoding="UTF-8"?>
<window>
	<defaultcontrol always="true">50</defaultcontrol>
	<allowoverlay>no</allowoverlay>
	<onload condition="!Skin.HasSetting(FirstTimeRun)">ActivateWindow(1112)</onload>
	<views>50,51,550,551,500,506</views>
	<include condition="!Skin.HasSetting(firstrun1.0)">AutoConfig</include>
        <include condition="!Skin.HasSetting(OldConfig1.0)">OldConfig</include>
	<controls>
		<include>CommonBackground</include>
		<include>ContentPanelBackgrounds</include>
		<control type="group">
			<include>Window_OpenClose_Animation</include>		
			<include>CommonRootView</include> <!-- view id = 50 -->
			<include>FullWidthList</include> <!-- view id = 51 -->
			<include>ThumbnailView</include> <!-- view id = 500 -->
			<include>MusicInfoListView</include> <!-- view id = 506 -->
			<include>AddonInfoListView1</include> <!-- view id = 550 -->
			<include>AddonInfoThumbView1</include> <!-- view id = 551 -->
		</control>
		<include>CommonPageCount</include>
		<include>CommonNowPlaying</include>
		<include>MainWindowMouseButtons</include>
		<include>BehindDialogFadeOut</include>
		<include>ScrollOffsetLabel</include>
		<control type="image">
			<description>Section header image</description>
			<left>20</left>
			<top>3</top>
			<width>35</width>
			<height>35</height>
			<aspectratio>keep</aspectratio>
			<texture>icon_music.png</texture>
		</control>
		<control type="grouplist">
			<left>65</left>
			<top>5</top>
			<width>1000</width>
			<height>30</height>
			<orientation>horizontal</orientation>
			<align>left</align>
			<itemgap>5</itemgap>
			<control type="label">
				<include>WindowTitleCommons</include>
				<label>$LOCALIZE[31022]</label>
			</control>
			<control type="label">
				<include>WindowTitleCommons</include>
				<label>[COLOR=blue] - [/COLOR]$INFO[Container.FolderName]</label>
				<visible>!IsEmpty(Container.FolderName)</visible>
			</control>
		</control>
		<control type="group">
			<left>-250</left>
			<include>SideBladeLeft</include>
			<control type="grouplist" id="9000">
				<left>0</left>
				<top>110</top>
				<width>250</width>
				<height>600</height>
				<onleft>9000</onleft>
				<onright>50</onright>
				<onup>9000</onup>
				<ondown>9000</ondown>
				<onback>50</onback>
				<itemgap>0</itemgap>
				<control type="label" id="200">
					<width>250</width>
					<height>35</height>
					<font>font12</font>
					<label>31006</label>
					<textcolor>blue</textcolor>
					<align>center</align>
					<aligny>center</aligny>
				</control>
				<control type="button" id="2">
					<description>View As button</description>
					<textwidth>235</textwidth>
					<include>ButtonCommonValues</include>
					<label>-</label>
				</control>
				<control type="button" id="3">
					<description>Sort by button</description>
					<include>ButtonCommonValues</include>
					<label>103</label>
				</control>
				<control type="togglebutton" id="4">
					<description>Sort asc</description>
					<include>ButtonCommonValues</include>
					<alttexturefocus border="5">button-focus.png</alttexturefocus>
					<alttexturenofocus>-</alttexturenofocus>
					<label>31051</label>
					<altlabel>31050</altlabel>
					<usealttexture>Container.SortDirection(Ascending)</usealttexture>
				</control>
				<control type="radiobutton" id="99">
					<description>Library button</description>
					<label>$LOCALIZE[29800]</label>
					<onclick>ReplaceWindow(MusicLibrary)</onclick>
					<selected>Window.IsVisible(MusicLibrary)</selected>
					<include>ButtonCommonValues</include>
					<enable>Library.HasContent(Music)</enable>
				</control>
				<control type="edit" id="19">
					<visible>Container.CanFilter + !Container.CanFilterAdvanced</visible>
					<description>Filter</description>
					<textwidth>230</textwidth>
					<include>ButtonCommonValues</include>
					<label>587</label>
				</control>
				<control type="radiobutton" id="20">
					<visible>Container.CanFilterAdvanced</visible>
					<description>Filter</description>
					<include>ButtonCommonValues</include>
					<label>587</label>
					<selected>Container.Filtered</selected>
					<onclick>right</onclick>
					<onclick>Filter</onclick>
				</control>
				<include>CommonNowPlaying_Controls</include>
			</control>
		</control>
		<include>Clock</include>
	</controls>
</window>
