<window type="dialog" id="2114">
	<defaultcontrol always="true">450</defaultcontrol>
	<controls>
	        <control type="image">
	                <!--
	                <include>Dimensions_Fullscreen</include>
	                -->
	                <texture>common/7000_focus.png</texture>
	                <animation effect="fade" start="0" end="100" time="600">Visible</animation>
	                <animation effect="fade" start="100" end="0" time="600">Hidden</animation>
	        </control>
	        <control type="group">
	                <animation effect="slide" start="400,0" end="0,0" time="400" tween="quadratic" easing="out">WindowOpen</animation>
	                <animation effect="slide" start="0,0" end="400,0" time="400" tween="quadratic" easing="out">WindowClose</animation>
	                <control type="image">
	                        <posx>400r</posx>
	                        <posy>0</posy>
	                        <width>400</width>
	                        <height>720</height>
	                        <texture border="15,0,0,0" flipx="true">HomeBladeSub.png</texture>
	                </control>
	                <control type="button">
	                        <description>Close Window button</description>
	                        <posx>380r</posx>
	                        <posy>0</posy>
	                        <width>64</width>
	                        <height>32</height>
	                        <label>-</label>
	                        <font>-</font>
	                        <onclick>PreviousMenu</onclick>
	                        <texturefocus>DialogCloseButton-focus.png</texturefocus>
	                        <texturenofocus>DialogCloseButton.png</texturenofocus>
	                        <onleft>450</onleft>
	                        <onright>450</onright>
	                        <onup>450</onup>
	                        <ondown>450</ondown>
	                        <visible>system.getbool(input.enablemouse)</visible>
	                </control>
	                <control type="image">
	                        <posx>370r</posx>
	                        <posy>30</posy>
	                        <width>200</width>
	                        <height>200</height>
	                        <aspectratio align="center">keep</aspectratio>
	                        <fadetime>IconCrossfadeTime</fadetime>
	                        <texture>$INFO[ListItem.Icon]</texture>
	                        <bordertexture border="8">ThumbShadow.png</bordertexture>
	                        <bordersize>8</bordersize>
	                </control>
	                <control type="list" id="450">
	                        <posx>390r</posx>
	                        <posy>250</posy>
	                        <width>450</width>
	                        <height>380</height>
	                        <onup>450</onup>
	                        <onleft>Dialog.Close(2114)</onleft>
	                        <onright>450</onright>
	                        <ondown>450</ondown>
	                        <pagecontrol>-</pagecontrol>
	                        <scrolltime>200</scrolltime>
	                        <itemlayout height="40">
	                                <control type="image">
	                                        <posx>0</posx>
	                                        <posy>0</posy>
	                                        <width>370</width>
	                                        <height>40</height>
	                                        <texture border="5">button-nofocus.png</texture>
	                                </control>
	                                <control type="label">
	                                        <posx>10</posx>
	                                        <posy>0</posy>
	                                        <width>350</width>
	                                        <height>40</height>
	                                        <font>font12_title</font>
	                                        <align>left</align>
	                                        <aligny>center</aligny>
	                                        <selectedcolor>selected</selectedcolor>
	                                        <info>ListItem.Label</info>
	                                </control>
	                        </itemlayout>
	                        <focusedlayout height="40">
	                                <control type="image">
	                                        <posx>0</posx>
	                                        <posy>0</posy>
	                                        <width>370</width>
	                                        <height>40</height>
	                                        <visible>!Control.HasFocus(450)</visible>
	                                        <texture border="3">button-nofocus.png</texture>
	                                </control>
	                                <control type="image">
	                                        <posx>0</posx>
	                                        <posy>0</posy>
	                                        <width>370</width>
	                                        <height>40</height>
	                                        <visible>Control.HasFocus(450)</visible>
	                                        <texture border="3">button-focus.png</texture>
	                                </control>
	                                <control type="label">
	                                        <posx>10</posx>
	                                        <posy>0</posy>
	                                        <width>350</width>
	                                        <height>40</height>
	                                        <font>font12_title</font>
	                                        <align>left</align>
	                                        <aligny>center</aligny>
	                                        <selectedcolor>selected</selectedcolor>
	                                        <info>ListItem.Label</info>
	                                </control>
	                        </focusedlayout>
	                
	                        <content>
	                        <item id="1">
	                                <description>Favori</description>
	                                <label>Favori</label>
	                                <onclick>Dialog.Close(2114)</onclick>
	                                <onclick>ActivateWindow(1114)</onclick>
					<onclick>Skin.Reset(RunOpt)</onclick>
	                        </item>
	                        <item id="2">
	                                <description>Playlist Musical</description>
	                                <label>Playlist Musical</label>
	                                <onclick>Skin.SetFile(RunOpt,.m3u,special://musicplaylists/)</onclick>
	                                <onclick>Skin.SetString($INFO[Skin.String(RunOpt_var)],PlayMedia($INFO[Skin.String(RunOpt)]))</onclick>
					<onclick>Skin.Reset(RunOpt)</onclick>
	                                <onclick>Dialog.Close(2114)</onclick>
	                        </item>
	                        <item id="4">
	                                <description>Playlist Video</description>
	                                <label>Playlist Video</label>
	                                <onclick>Skin.SetFile(RunOpt,.xsp,special://videoplaylists/)</onclick>
	                                <onclick>Skin.SetString($INFO[Skin.String(RunOpt_var)],PlayMedia($INFO[Skin.String(RunOpt)]))</onclick>
					<onclick>Skin.Reset(RunOpt)</onclick>
	                                <onclick>Dialog.Close(2114)</onclick>
	                        </item>
	                        <item id="5">
	                                <description>Playlist Video (mod list)</description>
	                                <label>Playlist Video (mod list)</label>
	                                <onclick>Skin.SetFile(RunOpt,.xsp,special://videoplaylists/)</onclick>
	                                <onclick>Skin.SetString($INFO[Skin.String(RunOpt_var)],ActivateWindow(VideoLibrary,$INFO[Skin.String(RunOpt)]))</onclick>
					<onclick>Skin.Reset(RunOpt)</onclick>
	                                <onclick>Dialog.Close(2114)</onclick>
	                        </item>
	                        <item id="6">
	                                <description>Script</description>
	                                <label>Script</label>
	                                 <onclick>Skin.SetAddon(RunOpt,xbmc.python.script)</onclick>
	                                <onclick>Skin.SetString($INFO[Skin.String(RunOpt_var)],RunScript($INFO[Skin.String(RunOpt)]))</onclick>
					<onclick>Skin.Reset(RunOpt)</onclick>
	                                <onclick>Dialog.Close(2114)</onclick>
	                        </item>
	                        <item id="7">
	                                <description>Add-Ons</description>
	                                <label>Add-Ons</label>
	                                <onclick>Skin.SetAddon(RunOpt,xbmc.python.pluginsource)</onclick>
 					<onclick>RunScript(special://skin/scripts/custom_optformat.py,RunOpt=$INFO[Skin.String(RunOpt)]&amp;RunOpt_var=$INFO[Skin.String(RunOpt_var)])</onclick>
					<onclick>Skin.Reset(RunOpt)</onclick>
	                                <onclick>Dialog.Close(2114)</onclick>
	                        </item>
	                        <item id="10">
	                                <description>Saisie libre</description>
	                                <label>Saisie Libre</label>
	                                <onclick>Skin.SetString($INFO[Skin.String(RunOpt_var)])</onclick>
					<!--
 					<onclick>RunScript(special://skin/scripts/custom_optformat.py,RunOpt_path=$INFO[Skin.String(RunOpt_path)],RunOpt_var=$INFO[Skin.String(RunOpt_var)])</onclick>
					-->
	                                <onclick>Dialog.Close(2114)</onclick>
	                        </item>
	                        </content>
	                </control>
	                <include>SideBladeRight</include>
	        </control>
	</controls>
</window>

